# {"t_start": 1593536446.4953606, "env_id": "PongNoFrameskip-v4"} 
r,l,t
-20.0,895,6.649033
-20.0,838,9.554679
