# {"t_start": 1590685457.14698, "env_id": "MountainToyCarContinuous-v1"} 
r,l,t
-44.794148,400,0.330795
-44.015254,400,0.584955
-39.586859,400,0.843835
-46.682399,400,1.098504
-39.362108,400,1.354829
