# {"t_start": 1587208272.3401222, "env_id": "MountainToyCar-v1"} 
r,l,t
-150.0,150,0.12031
-400.0,400,0.442689
-400.0,400,0.747127
-400.0,400,1.041669
-149.0,149,1.145108
-400.0,400,1.442526
-400.0,400,1.706117
-400.0,400,1.992233
-400.0,400,2.295208
-400.0,400,2.558545
