# {"t_start": 1593522378.1832232, "env_id": "MountainToyCar-v1"} 
r,l,t
-400.0,400,3.899905
-400.0,400,4.401641
-400.0,400,4.928382
-400.0,400,5.449573
-400.0,400,5.969168
