# {"t_start": 1587124721.4014559, "env_id": "MountainToyCar-v1"} 
r,l,t
-400.0,400,0.452162
-400.0,400,0.903952
-400.0,400,1.359799
-400.0,400,1.819201
-400.0,400,2.280117
-400.0,400,2.738851
-400.0,400,3.199367
-400.0,400,3.661238
-400.0,400,4.123415
-400.0,400,4.584713
